Business Requirement,Requirement,User Story,Test Case
BR-01,FR-01,US-01,To be written
BR-01,FR-02,US-01,To be written
BR-01,FR-03,US-01,To be written
BR-01,FR-04,US-03,To be written
BR-01,FR-05,US-04,To be written
BR-01,FR-06,US-09,To be written
BR-02,FR-07,US-02,To be written
BR-03,FR-08,US-05,To be written
BR-04,FR-09,US-06,To be written
BR-04,FR-10,US-07,To be written
BR-02,FR-11,US-08,To be written
BR-05,FR-12,US-10,To be written
BR-02,NFR-01,US-02,To be written
BR-05,NFR-02,US-11,To be written
BR-01,NFR-03,US-01,To be written
